"Billy Joel paid tribute to Jeff Beck Friday at his monthly gig at Madison Square Garden, performing two songs popularized by the late guitar god"
See Billy Joel Pay Tribute to Jeff Beck With ‘People Get Ready’ Cover at MSG Concert
"Madison Square Garden Uses Facial Recognition to Ban Its Owner’s Enemies The owner of the arena and Radio City Music Hall, has put lawyers who represent people suing it on an “exclusion list” to keep them out of concerts and sporting events. https://nytimes.com/2022/12/22/nyregion/madison-square-garden-facial-recognition.html…"
"Madonna was my first concert. The ""Like a Virgin"" tour, at Madison Square Garden, where she rolled around on the stage in her wedding dress. I can't help but feel exhausted, sad, elated nostalgia that she's doing a greatest hits tour"
I'll never forget seeing him at Madison Square Garden. Had second row seats. What a fun concert. Loved that album.
Dylan with The Band 1974 at Madison Square Garden It was an amazing concert.
The Berlin wall coming down. Rodney king verdict. 911 attack. Favorite concert Janet Jackson velvet rope tour at Madison Square Garden
"Episodio 207. Hace poco más de 50 años, se llevó a cabo en el Madison Square Garden el histórico concierto benéfico para recaudar fondos para los refugiados en Bangladesh. El primer concierto en su estilo de la historia, iniciativa de …"
Is Zelenskyy's concert full house? What was his opening song?
"Elton John - I'm Still Standing (Live at Madison Square Garden, NYC…correct -- there is only one Madison square garden but they do like 5 kinds of stuff (hockey, Bball, concerts, clean it, and more?) inside of it so I see why some might think there'd be MSG5"
Music equipment and events from around the world
Genesis concert ticket 29 JUL 1978 Madison Square Garden New York
Find many great new & used options and get the best deals for Genesis concert ticket 29 JUL 1978 Madison Square Garden New York at the best online prices at eBay! Free delivery for many products!
The King LIVE @ Madison Square Garden 1972 Elvis in Concert Day 2…
"Hello EP friends. Another one from the vault. E in NYC. Day 2 Early Show. Content for Educational & Historic ""Same Thing"" purposes ONLY ! Enjoy."
"In 1983 I was invited to a sky booth in Madison Square Garden and witnessed this concert in person. Jimmy Page, Eric Clapton and Jeff Beck. Page was lyrical, Clapton was forceful and Jeff Beck integrated both skills and more! RIP Jeff Beck."
Jimmy Page/Eric Clapton/Jeff Beck - ARMS 1983 - New York City…
"The Ronnie Lane Appeal For Action Into Research For Multiple Sclerosis Thursday, December 8, 1983Madison Square Garden, New York City, NYJIMMY PAGE SETPrelud…"
Saw Jeff with Clapton and Page at The ARMS concert at MSG in 1983 - completely dominated the show
A R M S 1983 12 09 Madison Square Garden New York City NY Pro Shot
"Fantastic Concert at MSG. I was lucky enough to have attended this show. Jimmy Page, Eric Clapton and Jeff Beck blowing everyone else away."
"The best way to ask her friends for some eggs would be to arrange a concert and charm them all with her siren songs, that way they couldn’t refuse her. Sing-Sing City hadn’t been built yet so she would just have to do a concert at Madison Square Garden. Let's go "
Pas faux la ressemblance! La photo a dû être prise lors du concert au Madison Square Garden pour les 50 ans de Bowie auquel participaient les FF.
"Un peu de #musique pour le #weekend ? #DavidBowie (1947-2016) interprète Simon & Garfunkel au Madison Square Garden lors du Concert for New York City. Sobre, classique, émouvant. Imparable. David Bowie - America (Simon & Garfunkel cover"
A song by Simon & Garfunkel performed by David Bowie on The Concert for New York City in 2001. A self-made clip created entirely from the footage of the origi.
Wings Over America Good Evening New York City Queen Rock Montreal Get Yer Ya-Ya's Out Havana Moon Eight Days A Week: Live at The Hollywood Bowl Concert For George An Afternoon In The Garden One Night Only: Greatest Hits Live At Madison Square Garden
"Happy 75th Birthday to the greatest. Celebrate by watching him celebrate his 50th in style, with famous friends and adoring fans. Missed terribly, as always."
David Bowie 50 Birthday Concert Live at Madison Square Garden New York 9 - 1 - 1997. (c) David Bowie / WMG Au Nom De UK Catalog. [Audio Upgrade].Line Up -Da…
I love this album. I met Peter Frampton at the Joyce Theater. He wrote the music to one of the ballets and gave a little talk. Very nice guy. I saw him in concert right before the pandemic at Madison Square Garden.
"The last Enrique Iglesias concert I saw in Madison Square Garden, a fan jumped the fence and tried to pull down Enrique’s pants. Guess it’s a trend."
"As much as I want to go, almost got trampled to death at your last concert at Madison Square Garden! So I think I have to sit this one out"
"...a relatively recent concert which includes a host of other groups...a label centric event...at Madison Square Garden and NOT a stadium sized venue. Yeah, okay. If that makes you sleep at night kpoppie. PS. I'm not Indian but kudos on the xenophobic/racist take."
I saw the both of you play together at the Ronnie Lane Appeal for ARMS concert in 1983 at Madison Square Garden- beyond outstanding!!!
"Led Zeppelin Magical Sound Boogie Concert at Madison Square Garden, New York (NY), United States 7th June 1977 http://bootlegpedia.com/en/product/EVSD_550-552… #via_RadioRockPuro"
"Complete information of Led Zeppelin's bootleg Magical Sound Boogie, by Empress Valley Supreme Disc label."
The 1975 - About You (Live at Madison Square Garden Concert 7th November 2022)Enjoy :)
"Not long after Sinead was one of the featured performers at a Bob Dylan tribute concert at Madison Square Garden, and the crowd booed lustily. Kristofferson was sent to the stage by the organizers to take the visibly upset Sinead off"
David Bowie 50 Birthday Concert Live at Madison Square Garden New York 9 - 1 - 1997. (c) David Bowie / WMG Au Nom De UK Catalog. [Audio Upgrade].Line Up -Da…
"I just went down the rabbit hole for more on the Elton John version and learnt that Lennon performed the song live with Elton at Madison Square Garden on Thanksgiving Night, 1974. Can you imagine the vibe at that concert? We were born too late too far.."
"The 1975 - About You (Live At Madison Square Garden Concert) this is a very common mis-quote of what he actually said, which was ""I won’t bore you.""very different meaning. he says it right around the time the birthday cake comes out."